run_ID,runname,MRT_Pa,MRT_Th,median_Pad,median_Thd,median_Pap,median_Thp,MAE_no_weights_Pad,MAE_no_weights_Thd,MAE_no_weights_Pap,MAE_no_weights_Thp,MAE_tot_weights_Pad,MAE_tot_weights_Thd,MAE_tot_weights_Pap,MAE_tot_weights_Thp,MAE_vol_weights_Pad,MAE_vol_weights_Thd,MAE_vol_weights_Pap,MAE_vol_weights_Thp,MAE_unc_weights_Pad,MAE_unc_weights_Thd,MAE_unc_weights_Pap,MAE_unc_weights_Thp,RMSE_unc_weights_Pad,RMSE_unc_weights_Thd,RMSE_unc_weights_Pap,RMSE_unc_weights_Thp,RMSE_no_weights_Pad,RMSE_no_weights_Thd,RMSE_no_weights_Pap,RMSE_no_weights_Thp,PaThWs,PaDesConst,ThDesConst,sigmaPaPOC,sigmaPaCa,sigmaPaOp,sigmaPaDu,sigmaPaNeph,sigmaThPOC,sigmaThCa,sigmaThOp,sigmaThDu,sigmaThNeph
1000,KDE1000_PI,45.73290876661141,12.301665542636004,0.9016133192340409,2.193772635325774,0.021970147431029888,0.24239799471708906,2.212906427222189,4.770472600206795,0.03391212090417358,0.600919369754085,2.01121816715038,4.374515465754878,0.03079383151367797,0.5634344132899775,2.1545199109072892,5.798332248450775,0.030921860693169413,0.8486895792093986,1.4370477996732853,2.8967658248224386,0.021197020958297917,0.356200210845652,2.2229872274334235,4.389635752446173,0.04367105779082463,0.6087913092280782,2.9627021232371398,6.498508864686949,0.06161404084334417,1.3165162946580748,1400,1.0,1.0,0.021,0.097,0.24,0.0028,0.026,0.21,1.73,0.029,0.018,0.096
1001,KDE1001_PI,56.903301589269894,15.311555198147062,1.0822590276467803,2.6478434497407974,0.02204757536855099,0.24242224551837815,1.981895480743028,4.195562022323693,0.03439504040479034,0.6004815059817113,1.7157804608627034,3.658338938097163,0.030349959518398147,0.5633399323559003,1.8603718768490913,4.8889965187480815,0.03157510918943814,0.8496044072381723,1.282053462219222,2.5372616672218236,0.02099192800290074,0.3556486857796375,2.0198437493674417,3.890650685710947,0.043723408260411524,0.6091511212409012,2.714979709020524,5.848926572823326,0.062366134258395906,1.3148886062018135,1400,1.5,1.5,0.021,0.097,0.24,0.0028,0.026,0.21,1.73,0.029,0.018,0.096
1002,KDE1002_PI,67.66483160229151,18.264176400703217,1.2635381217617834,3.091223895464062,0.022143823291534054,0.24212465221697893,1.8041450330749593,3.7223266603606273,0.03477767844603742,0.6001926993991732,1.5578506757971102,3.1894864756019703,0.03005029991102552,0.5631712011573615,1.6584066311229062,4.249960640656425,0.03213262923904446,0.8509966446219956,1.1807538773194903,2.259045083897394,0.020841986622322266,0.3550263402846576,1.856404306077616,3.492094548185456,0.04370705347404239,0.6092745840320144,2.5061403117136,5.304115102813825,0.06294299487154316,1.3136885465097432,1400,2.0,2.0,0.021,0.097,0.24,0.0028,0.026,0.21,1.73,0.029,0.018,0.096
1003,KDE1003_PI,71.87332854557911,19.431660688154867,1.337873190287749,3.268888799493076,0.02225461153959589,0.24230064344624863,1.7460986579445972,3.559745063818144,0.03490792283809834,0.6000886254537959,1.518251433985395,3.056551540254402,0.029954640596181737,0.563036349178698,1.603329576272535,4.055188405674765,0.03232621035229856,0.851569979964035,1.148944289759795,2.1671725141070666,0.020795806867132477,0.3547513422570328,1.8019657723374307,3.3677664046540374,0.043693047749576296,0.6092715333572852,2.4329721004641476,5.121284843267495,0.06313296860431011,1.3133025246440677,1400,2.2,2.2,0.021,0.097,0.24,0.0028,0.026,0.21,1.73,0.029,0.018,0.096
1004,KDE1004_PI,76.03290383083805,20.592217855097797,1.4121801052255496,3.4499350487371445,0.02231409549201904,0.24191469515304842,1.6952244124256481,3.420274819488502,0.035026041509345025,0.6000217187877028,1.4940721240561652,2.97059588875804,0.029863453149844246,0.5628807905566574,1.5618331116872761,3.9058376873089,0.03250490410942876,0.8521915787019165,1.1231285894419973,2.094465849609552,0.02075181341837275,0.3544735364114393,1.7538477180741712,3.2665872545520354,0.043677765227519656,0.6092432265601754,2.3656421883546788,4.961247388999407,0.06330327902656746,1.3129611782564503,1400,2.4,2.4,0.021,0.097,0.24,0.0028,0.026,0.21,1.73,0.029,0.018,0.096
1005,KDE1005_PI,80.1468804747412,21.74630683337221,1.485909212520684,3.626577379090921,0.02238058644962516,0.24155656188758778,1.652451449393318,3.30215617267897,0.03512527493927401,0.600060932750342,1.4833891169360705,2.9239522155675055,0.02976493047764439,0.5627284185758232,1.5352575884201944,3.802807867209339,0.03265937778838829,0.8529501790334664,1.1028544955363517,2.03606466215408,0.02070291787204485,0.35420390977092925,1.712141571355296,3.1904047753986426,0.04366245276429511,0.609192259037322,2.3041503081874692,4.825825277388914,0.06345612236747004,1.3126593573511662,1400,2.6,2.6,0.021,0.097,0.24,0.0028,0.026,0.21,1.73,0.029,0.018,0.096
1006,KDE1006_PI,84.21819833179401,22.89433394847658,1.5560545812214888,3.8029241775098486,0.022468474606949573,0.2417674532340881,1.6128209977695602,3.2005391880104863,0.035212485967359486,0.6001214583265653,1.477676822061706,2.9091673095155297,0.029667799657832627,0.5625512842575545,1.5135136881412374,3.731283444430859,0.03279935702798286,0.8537313468669133,1.0850437130644621,1.9913023836566475,0.02065464647966311,0.3539280823645972,1.676950719936705,3.1406912465386836,0.04364797357113515,0.6091209011628704,2.2485284810935364,4.716712337814549,0.06359348626430289,1.3123924745364448,1400,2.8,2.8,0.021,0.097,0.24,0.0028,0.026,0.21,1.73,0.029,0.018,0.096
1007,KDE1007_PI,88.24947282729418,24.036660679430792,1.628125293162625,3.9790285626112354,0.0225518922407125,0.24180146087983145,1.5757890919861348,3.1132539545566553,0.03529016478562251,0.6002274210756489,1.4761623877633279,2.918795790767246,0.029571750052040175,0.5624214049031303,1.4954398801379378,3.6841660018747695,0.032930166882450665,0.8546085470546573,1.0693567591707396,1.9581618791697089,0.020605455506196926,0.3536727328126882,1.6483744449550057,3.1183765209266308,0.04363490132298663,0.6090311505144587,2.1988330648680843,4.63535737501123,0.06371714791007005,1.312156454463089,1400,3.0,3.0,0.021,0.097,0.24,0.0028,0.026,0.21,1.73,0.029,0.018,0.096
1008,KDE1008_PI,92.24304135057115,25.17361019919016,1.700138138842934,4.160074171840275,0.02256229884033465,0.2415894536402068,1.5436442033160598,3.0380519426916237,0.03536197566783134,0.6003476669863927,1.4822229434387555,2.947330798152336,0.029475576096019397,0.562292479407051,1.4838563425178242,3.660164227505765,0.033050074786841535,0.8555152864985925,1.0575773092441418,1.9327647508206491,0.02055595606253546,0.3534187778298148,1.6264921944142967,3.1237248846569985,0.043623594754572496,0.608924777874264,2.155136119613644,4.582846272468767,0.063828685450967,1.311947685669183,1400,3.2,3.2,0.021,0.097,0.24,0.0028,0.026,0.21,1.73,0.029,0.018,0.096
1009,KDE1009_PI,96.20100066945248,26.30547290800403,1.7714194684730131,4.336912466773221,0.022600311163209475,0.24163574232621507,1.5154779822642788,2.984240802329318,0.035436362483916954,0.6004672893890883,1.4934908764656531,3.0034550834334297,0.029389109864151157,0.5621390004128148,1.4774531077867739,3.6792701601106907,0.03317063681607039,0.8564135799103928,1.0485549433974868,1.9185381561153472,0.02051047485543873,0.353157707926367,1.6113491372061464,3.1562881600433834,0.04361425559569675,0.6088033660174392,2.117516201416993,4.559799812775977,0.06392949385529559,1.3117629737865684,1400,3.4,3.4,0.021,0.097,0.24,0.0028,0.026,0.21,1.73,0.029,0.018,0.096
1010,KDE1010_PI,100.1252372221388,27.432510813782915,1.841876167892257,4.528263584146656,0.022642785050416673,0.24198485034870515,1.4908047229761134,2.948001738231368,0.03551562216042112,0.6005864456976079,1.5094918694185964,3.078331626076484,0.029341442710390145,0.561962833190075,1.4749435907107649,3.730842836301196,0.033310987502080246,0.8573030693837609,1.0427651489724694,1.9120960348139007,0.020478618242807833,0.35289026570699933,1.6029441008339276,3.214948826026634,0.043606972984216646,0.6086683424047837,2.0860488862041358,4.5663055824497985,0.06402080346063496,1.3115994992767859,1400,3.6,3.6,0.021,0.097,0.24,0.0028,0.026,0.21,1.73,0.029,0.018,0.096
1011,KDE1011_PI,104.0174534099997,28.554960889942556,1.9188489831443178,4.708005307487172,0.022722149242395902,0.24176024526539894,1.4706323126248901,2.9257923484226738,0.035588363179809075,0.6007052286921204,1.5311462282375996,3.1703259542816116,0.029305501735613023,0.5617656857790091,1.4776155804159152,3.8051426137436706,0.03344539089979345,0.8581834474468312,1.0404918495836397,1.9137777090256194,0.02045018398357876,0.35261709052036816,1.6012209204964003,3.2980417364626287,0.043601757214113364,0.6085210046104292,2.0607973710442,4.601897230610151,0.06410369889261067,1.3114547759618287,1400,3.8,3.8,0.021,0.097,0.24,0.0028,0.026,0.21,1.73,0.029,0.018,0.096
1012,KDE1012_PI,107.8791887583192,29.673038406328796,1.9916694453105777,4.88636484345276,0.02277486350007412,0.24153882710614724,1.4547536188722874,2.919495005983126,0.03565610745061556,0.6008236801768833,1.5561842651093036,3.2806749991170636,0.029269692732093087,0.5615491328803598,1.4860835308807103,3.9041191615085107,0.03357056098301286,0.8590544534369441,1.0403831712868534,1.9241226183953308,0.020422624442749674,0.35233873782641284,1.6060639581410499,3.4035231014951117,0.04359856476106911,0.6083625416649721,2.041803670270909,4.665586019768672,0.0641791361264457,1.3113266129804597,1400,4.0,4.0,0.021,0.097,0.24,0.0028,0.026,0.21,1.73,0.029,0.018,0.096
1013,KDE1013_PI,117.40901454997548,32.450347055158055,2.1743799650744187,5.321045672554068,0.022894466822148605,0.24222842230224098,1.4286457602264602,2.9701215705824104,0.03580822003638734,0.6011206768072674,1.6359337894328827,3.628176175311278,0.02921676609746136,0.560933612697135,1.5251810495201505,4.250901433259424,0.03385816051980291,0.861190950421898,1.051026387399301,1.9868416674609368,0.020369036691157735,0.3516254523216992,1.6456149138149043,3.750377651698386,0.04359886844345973,0.6079247223958397,2.0216960081199917,4.937526344084509,0.06434039201202578,1.311066576973534,1400,4.5,4.5,0.021,0.097,0.24,0.0028,0.026,0.21,1.73,0.029,0.018,0.096
1014,KDE1014_PI,126.77527742770305,35.20414129748606,2.366064430600807,5.77460518574429,0.023049586252761586,0.24293187821182555,1.4195856138291867,3.1027222602604114,0.03594515181627923,0.6014152553676981,1.7318725549487575,4.066121135385394,0.029203387036637257,0.5602260476736326,1.582795872655031,4.7118721131889965,0.03412741688229201,0.8632654298792257,1.0752499206083554,2.1022574892938146,0.020338261365888143,0.3508892037669077,1.720879365441796,4.188977047910671,0.04360962478041104,0.607439187701515,2.0398629293827284,5.346002086969027,0.0644707431199667,1.3108743143120662,1400,5.0,5.0,0.021,0.097,0.24,0.0028,0.026,0.21,1.73,0.029,0.018,0.096
1015,KDE1015_PI,90.25083403484126,24.605788723853582,1.6638387892545417,4.069189944063813,0.022579452816922856,0.24169961576655072,1.5593531656618096,3.073284723383053,0.03532424287176645,0.6002876348723509,1.4786738716706855,2.9290652887990443,0.029523306856170446,0.5623601348563211,1.489163653226266,3.666575172933935,0.03298939157809039,0.8550629481704081,1.0632028367307607,1.9441244246120557,0.020580501130913482,0.35354669582306697,1.6365927843834116,3.1176041973343556,0.04362901161431784,0.6089799390569736,2.1762299149778666,4.605445641068403,0.06377434092802371,1.3120488726656174,1400,3.1,3.1,0.021,0.097,0.24,0.0028,0.026,0.21,1.73,0.029,0.018,0.096
1016,KDE1016_PI,94.22634963657671,25.740160414432985,1.736198475859968,4.250271459906929,0.02257847973017645,0.2415371469090635,1.5293244154155718,3.0092496984016477,0.03539903437825843,0.6004075446748816,1.4876354522410398,2.9733464107588996,0.029428447800617742,0.5622186885128262,1.4804249805282226,3.6660588651754256,0.03310937397025273,0.855965512583441,1.0529005736239454,1.9247889325657648,0.02053165240398675,0.35328908318267893,1.6180771336732447,3.136659919639325,0.043618671482442875,0.608865859340638,2.1355616280073177,4.567621494224414,0.0638803502641769,1.3118525071530673,1400,3.3,3.3,0.021,0.097,0.24,0.0028,0.026,0.21,1.73,0.029,0.018,0.096
1017,KDE1017_PI,98.16722387076783,26.86957960370355,1.807022374227033,4.431525527373382,0.022628739026512548,0.24182585204790064,1.5022503501105726,2.964031349877184,0.035475978419663136,0.6005269185151191,1.4999943767494925,3.0390109390779854,0.029360131594161915,0.5620536426897973,1.475082269824053,3.7014668137999256,0.03323966321669456,0.8568594454238787,1.0448355203185813,1.9144738373094528,0.020492835306756413,0.35302474117937294,1.606306513682366,3.1824493979521082,0.04361035506575188,0.6087374717803977,2.1010091209999366,4.559374946134034,0.06397626502219617,1.311678744519448,1400,3.5,3.5,0.021,0.097,0.24,0.0028,0.026,0.21,1.73,0.029,0.018,0.096
1018,KDE1018_PI,102.07524797451494,27.994295399289587,1.8803403451015466,4.6181327674856565,0.022672614588755993,0.24186638177526124,1.4803460734506184,2.934778393882924,0.03555312242681099,0.6006458802977359,1.5200185273463236,3.1213409580166296,0.02932364851621492,0.5618667807076226,1.4758459858563249,3.7645793828625105,0.03337973526022936,0.8577444147285513,1.0414408050365498,1.9115329529462781,0.020464521431783598,0.35275435828440493,1.6012530899569006,3.2535622474311863,0.043604108450115774,0.608596136148727,2.0726429342096515,4.580515942600709,0.06406324037158302,1.3115249371982611,1400,3.7,3.7,0.021,0.097,0.24,0.0028,0.026,0.21,1.73,0.029,0.018,0.096
1019,KDE1019_PI,105.95204085573897,29.114533548178773,1.9541880471077167,4.801281672330344,0.02274612148301712,0.241561975257675,1.462271046057621,2.9207533064863505,0.035621778733441266,0.6007644945756262,1.5432282616117268,3.2232895211391144,0.02928718637899895,0.5616597412590592,1.4812821580827176,3.8512459275125943,0.033508323718800505,0.8586201363387916,1.0400876151214413,1.9179705144445762,0.020435814065209532,0.352478529325662,1.6028312437918768,3.3481214163821567,0.043599912343323576,0.6084430931826054,2.050516716628862,4.630309809768708,0.0641422946080446,1.3113887506125623,1400,3.9,3.9,0.021,0.097,0.24,0.0028,0.026,0.21,1.73,0.029,0.018,0.096
1020,KDE1020_PI,46.06069557803821,10.56528553857072,0.8611313458058744,1.5321477253497389,0.03214879275990241,0.34507893204910184,2.300124735938458,5.21275080677096,0.034385541901075914,0.49812414653347115,2.1035025143778108,4.882597601088525,0.040798698534558246,0.5809125482885308,2.2215265219984737,6.252560082911828,0.03319312610899618,0.7111097156790078,1.5135769819931053,3.2613725381380507,0.026245279494030903,0.3440055291945625,2.3076608397899445,4.81515385731901,0.049493064351895995,0.6107794114148416,3.035106837026393,6.876547020672051,0.061203752741441915,1.2199885262391381,1000,1.0,1.0,0.02,0.23,0.22,0.0044,0.028,0.084,3.97,0.11,0.0023,0.028
1021,KDE1021_PI,59.22540607540052,13.160824258247896,1.0720320071069087,1.899297994004277,0.03244723058952948,0.34428095427072164,2.0308458668721827,4.657836405990787,0.03419491188846851,0.4965585909687061,1.7541900225240756,4.162118677491881,0.03880769441789184,0.5807944358532339,1.8768421504633312,5.318065794072055,0.03259694745799259,0.7075719064828861,1.3288878703928597,2.9168005128472867,0.025309135809244064,0.3440380960596382,2.075639636986857,4.339746283088911,0.04870947829627153,0.6136998457845053,2.748762500549457,6.222368178848209,0.061787225664744365,1.218712682883765,1000,1.5,1.5,0.02,0.23,0.22,0.0044,0.028,0.084,3.97,0.11,0.0023,0.028
1022,KDE1022_PI,72.0278686334388,15.712740760856232,1.2860531727549545,2.265726185659966,0.03270786305595007,0.3437436607279171,1.8293582243369995,4.159126144911503,0.03403154465041893,0.4952218121542278,1.5788499224649404,3.5881786238993887,0.03706724215471248,0.5800421014788241,1.6570499657502675,4.545222507950945,0.03214189821156633,0.7049922130228956,1.2113161927698757,2.612562768942937,0.024482873978371796,0.3437015982700352,1.8907506993665184,3.9317287227711555,0.047903001106596475,0.6159843657895028,2.5091198231227962,5.6499695900852505,0.06218051682490167,1.217829704806476,1000,2.0,2.0,0.02,0.23,0.22,0.0044,0.028,0.084,3.97,0.11,0.0023,0.028
1023,KDE1023_PI,77.06571213273492,16.72402951189323,1.3724370628570848,2.411732725719565,0.03280029180507034,0.3433724303690113,1.7677876593505508,3.984419041845178,0.03396619448915888,0.49472107246209474,1.544976890937886,3.4156376494923766,0.03642005439189819,0.5797481764507556,1.6070924606636832,4.307605184428262,0.03197906480516049,0.7040325793207081,1.1780363133055436,2.5079019444470245,0.024175196249940932,0.3436355818206683,1.8305583432356154,3.791420722380835,0.04759809393388549,0.6167419957217679,2.4265573855790836,5.447811067192924,0.06230068672742042,1.2175575182268428,1000,2.2,2.2,0.02,0.23,0.22,0.0044,0.028,0.084,3.97,0.11,0.0023,0.028
1024,KDE1024_PI,82.06156918922625,17.7307712574125,1.4613904384066658,2.56094263084537,0.03296594940910208,0.3428405935181274,1.7161513844335043,3.823298889887689,0.033898093204328746,0.49440177045030387,1.5327986982411024,3.2681420508729606,0.035796953945169484,0.5795256223600905,1.5762910757409399,4.10499020303066,0.03181941873728658,0.7035299657023862,1.1529699671940699,2.411015540473527,0.023877953585709696,0.3436273254921292,1.7786456510167303,3.66614256951378,0.0473085984347776,0.6174201490670387,2.351843330836341,5.263027529958738,0.06240547064837546,1.2173226478435089,1000,2.4,2.4,0.02,0.23,0.22,0.0044,0.028,0.084,3.97,0.11,0.0023,0.028
1025,KDE1025_PI,87.01835570359277,18.733435913078484,1.5485349291867145,2.70955701231295,0.033099024520693236,0.3428375302056029,1.6683440619553997,3.680023365370116,0.03385065847307224,0.4941481970339591,1.527879890539259,3.1591819187632395,0.03521752597555518,0.5793080736644023,1.551337924811035,3.946320302977841,0.03169407008709897,0.7032047755886452,1.1311475680189107,2.3275047659135213,0.023600134282359873,0.34361279094612257,1.735325380368208,3.5572339913016022,0.047036295416164935,0.6180249719339324,2.2852088655190133,5.097128766726409,0.062497959009379246,1.217120262119738,1000,2.6,2.6,0.02,0.23,0.22,0.0044,0.028,0.084,3.97,0.11,0.0023,0.028
1026,KDE1026_PI,91.93858414596099,19.732432932642475,1.6346603069302323,2.8603588567165863,0.03321873789361731,0.34298976956147265,1.6248947669626213,3.5496094622395793,0.03383465558377792,0.49401250369268046,1.5306022233225944,3.068145283294293,0.03469389795569852,0.5791645840916095,1.5331536489437299,3.8193660513172976,0.03161747238974461,0.7031144796478951,1.1127655186039656,2.2501819752571013,0.023349475719954427,0.34362434061462555,1.7008980324409473,3.4659951513681517,0.04678209511489625,0.6185622181652232,2.2269138964058857,4.95166261094474,0.06258071018077574,1.216946156924143,1000,2.8,2.8,0.02,0.23,0.22,0.0044,0.028,0.084,3.97,0.11,0.0023,0.028
1027,KDE1027_PI,96.8244427758686,20.728121807050773,1.7274376189982625,3.0092263141776274,0.03332973727971132,0.34334325267434046,1.5872382943707768,3.4388495726632193,0.03382503233339944,0.49391874350309317,1.540749556759856,3.011162710723765,0.03420387329762878,0.579036651355451,1.5239267779350592,3.7382375064581814,0.03155637041594,0.7031316210177739,1.0981273646004008,2.1848514837991635,0.023114464668255227,0.3436298166620894,1.6756197183429156,3.393613983863871,0.04654627311023162,0.6190372206381426,2.1772292535810434,4.828149771476269,0.06265582026053855,1.2167966499858922,1000,3.0,3.0,0.02,0.23,0.22,0.0044,0.028,0.084,3.97,0.11,0.0023,0.028
1028,KDE1028_PI,99.25509338874176,21.224826499586108,1.7688179520461818,3.085131898668015,0.033439610659594624,0.34337459670323944,1.5706299074030656,3.3882109481382856,0.033821271711450995,0.4938913255216049,1.5492078077041225,2.98928052187821,0.033972424378813884,0.5789757329033677,1.5227180875294375,3.7068893576567072,0.03152843664471724,0.7031818280434285,1.092396017953652,2.1548510340277436,0.023003930468660172,0.3436332113604329,1.666471639511628,3.3648156253079673,0.04643521271882594,0.6192529326133631,2.155698401091523,4.775074356379078,0.06269105670874359,1.2167300938269872,1000,3.1,3.1,0.02,0.23,0.22,0.0044,0.028,0.084,3.97,0.11,0.0023,0.028
1029,KDE1029_PI,101.67785460249455,21.720820534407128,1.813042820916067,3.1592264677411412,0.03352069311505824,0.34322646905282045,1.5554839141433496,3.3421628554094256,0.03381645368485462,0.49390033334946626,1.5593276356285872,2.9769513097217244,0.03374568956561348,0.5789244245744753,1.5236397130351416,3.68528818932458,0.03149954845437402,0.703343357171331,1.0876080755513169,2.1284537815906592,0.022895721940674282,0.3436347693259603,1.6596711698598368,3.34108503979687,0.046328654258943565,0.6194548955855024,2.1364161081299966,4.728004584527206,0.06272499662921796,1.216668505708348,1000,3.2,3.2,0.02,0.23,0.22,0.0044,0.028,0.084,3.97,0.11,0.0023,0.028
1030,KDE1030_PI,104.09293281879374,22.216138251370378,1.8543764319263834,3.2302202685614407,0.03359437429867382,0.343193318543769,1.5424477140416233,3.299459450838295,0.03381044604787809,0.49390475250814336,1.5710232265361261,2.9734725234493493,0.03352364875860622,0.5788557054369676,1.5278601872767223,3.669263025517981,0.031469848146501715,0.703498006396778,1.0836640471167127,2.106869409518477,0.022789610306657215,0.343627020215751,1.6552247990414348,3.322503172413762,0.046226528516309956,0.6196436620912805,2.11940985840718,4.6870861628681935,0.06275780374280414,1.2166115417887209,1000,3.3,3.3,0.02,0.23,0.22,0.0044,0.028,0.084,3.97,0.11,0.0023,0.028
1031,KDE1031_PI,106.50052289973249,22.710812147840045,1.9004137711243452,3.309154311841641,0.03363895066872947,0.3431280967698687,1.530466446214225,3.260661457593462,0.03380484867662186,0.49390489387029646,1.5837461132190647,2.9763225566995364,0.03331051559029556,0.5787704139321248,1.5333521721537136,3.660771321996952,0.03144213409498186,0.7036461721219736,1.0803854425005333,2.0880441276702344,0.02268738524152089,0.3436104025843229,1.65313144734619,3.30912952016922,0.04612875368852002,0.6198197619197514,2.1047037453764377,4.652447025773801,0.06278962536355671,1.2165588791909423,1000,3.4,3.4,0.02,0.23,0.22,0.0044,0.028,0.084,3.97,0.11,0.0023,0.028
1032,KDE1032_PI,108.90080922042497,23.20487299568997,1.9426150057882658,3.3872779781784956,0.03370560877464855,0.3434560019614495,1.5192680037528488,3.2265500239133282,0.03380383775750153,0.4939010436927093,1.5972924822074828,2.9876162670900914,0.03311898884748776,0.5786693391358081,1.5399160195296038,3.661566786229522,0.03142379667400674,0.7037882199551486,1.0776584073307782,2.0726633517818063,0.02259445543222745,0.3435853292742632,1.6533821410315328,3.301000581275529,0.046035238038295734,0.6199837023518836,2.0923178093680357,4.624194756304782,0.06282059399532709,1.2165102155586751,1000,3.5,3.5,0.02,0.23,0.22,0.0044,0.028,0.084,3.97,0.11,0.0023,0.028
1033,KDE1033_PI,111.29396687729997,23.69835000404969,1.9862588492067428,3.465123694498647,0.03379284314137292,0.3434414319318862,1.509175292869881,3.1978483614081763,0.033801728355700625,0.4938934649428966,1.612516493392145,3.008731258999559,0.03293122854430594,0.5785532253462109,1.548379884689196,3.6720994505893167,0.03140456967704025,0.7039244870978079,1.0756126173347254,2.06153928378437,0.022503251204709255,0.3435521893555709,1.6559598751331948,3.298128779971645,0.04594588208261875,0.6201359701868204,2.0822674347663375,4.60241420499425,0.0628508286525759,1.2164652669457112,1000,3.6,3.6,0.02,0.23,0.22,0.0044,0.028,0.084,3.97,0.11,0.0023,0.028
1034,KDE1034_PI,113.68016134866821,24.19127087419629,2.0318780629697146,3.5444237076120495,0.0338884163671328,0.3435867764475484,1.4999536853818256,3.173655350979173,0.03379865765697613,0.49388240081991613,1.6294079362794869,3.0363044535211787,0.032747264684855275,0.5784227741651902,1.5580160127473976,3.6901299145203965,0.03138461294711502,0.7040552853847142,1.0744630217279216,2.0534135329584458,0.022413800544503037,0.343511349854876,1.6608396601948354,3.3005019673137035,0.04586058054943194,0.620277031523594,2.0745628187735177,4.587165600892699,0.062880436316167,1.2164237680716834,1000,3.7,3.7,0.02,0.23,0.22,0.0044,0.028,0.084,3.97,0.11,0.0023,0.028
1035,KDE1035_PI,116.05954980213532,24.68366194481228,2.078574074865813,3.6199287712317916,0.03400912414907181,0.3436389691909562,1.491445543510314,3.1534545714869666,0.03379474964247672,0.49387804739227065,1.6474507667273577,3.0679752643210074,0.032567112354286026,0.5783137351781688,1.5684517430753055,3.715166749991691,0.03136407028863147,0.7041898593343946,1.074009877967109,2.0470932103593835,0.022326123434037413,0.3434961438489628,1.6679887517349898,3.308083480819613,0.04577922397386385,0.6204073333102562,2.0692085189055627,4.578482993480093,0.06290951310277053,1.2163854705092834,1000,3.8,3.8,0.02,0.23,0.22,0.0044,0.028,0.084,3.97,0.11,0.0023,0.028
1036,KDE1036_PI,118.43228167272183,25.17554831535763,2.1250098980429994,3.69649758292554,0.03409425599561282,0.3435728275077863,1.4835423833664256,3.137805428344118,0.03379011635459784,0.49388097312131124,1.665824804911643,3.104262215815192,0.032390773609708046,0.5782280092232066,1.5795450228300798,3.748104879524518,0.0313430709231296,0.7043288006965299,1.0739229665571726,2.0427705694406644,0.02224023279786892,0.3435080967089945,1.6773670464116504,3.320812786414351,0.045701700050036535,0.6205273050906824,2.066203101423567,4.576373250241605,0.0629381453415983,1.2163501411949076,1000,3.9,3.9,0.02,0.23,0.22,0.0044,0.028,0.084,3.97,0.11,0.0023,0.028
1037,KDE1037_PI,120.79849927146763,25.66695393073742,2.1708061893428257,3.769419469705198,0.0341957459555894,0.343566893954227,1.4761277156706165,3.125709724048507,0.0337848588237146,0.4938808452168949,1.6847334593491456,3.145159573999715,0.03221823918434788,0.5781291533608746,1.59099280324699,3.78688723265094,0.03132173079254127,0.7044629035932447,1.0743330751066327,2.040622845435133,0.022156135347413324,0.3435127001686611,1.6889276254711447,3.338606684736349,0.0456278947915836,0.6206373580619476,2.065538904520208,4.580815728429424,0.0629664102601396,1.2163175633401446,1000,4.0,4.0,0.02,0.23,0.22,0.0044,0.028,0.084,3.97,0.11,0.0023,0.028
1038,KDE1038_PI,132.53640507177963,28.11753101567188,2.3990492710045834,4.1562754080703845,0.03476727180350472,0.3434946909807704,1.4543342126262917,3.110078509429135,0.03377300038166904,0.4938563108212999,1.7976012560666943,3.396965822026914,0.03144231611847841,0.5774967389797498,1.6643194958860679,4.0472214269849065,0.03122627954987312,0.7050816527621324,1.0889971009697976,2.055504661042436,0.021787496245534808,0.343473959928984,1.7774354554053347,3.499286906192739,0.04531065181699346,0.6210521728634089,2.096626451131857,4.698728864849306,0.06310441276614132,1.2161892798515372,1000,4.5,4.5,0.02,0.23,0.22,0.0044,0.028,0.084,3.97,0.11,0.0023,0.028
1039,KDE1039_PI,144.12938866162244,30.559097137438968,2.626570732849518,4.541700588891072,0.03515124008841301,0.3433622297219037,1.4525973756826587,3.158085087623743,0.033835423571851854,0.4939438471968732,1.9318273223128781,3.729375943069058,0.030822494890606282,0.5770360965316562,1.756280568462416,4.409500055865626,0.031206337067507136,0.7057616060859986,1.1211757246619658,2.110945237392129,0.021505619591847876,0.3436884620006471,1.9108594194562174,3.764791619361206,0.04506962175911999,0.6212723942347322,2.181618066997963,4.963289898768291,0.06324102826821403,1.2161044463179291,1000,5.0,5.0,0.02,0.23,0.22,0.0044,0.028,0.084,3.97,0.11,0.0023,0.028
1040,KDE1040_PI,109.79906706501028,30.230499380120623,2.0273304749051593,4.975757848125182,0.022771548012300472,0.24184199427943043,1.4484907048955133,2.9218600249775273,0.03568909666876881,0.6008831329054932,1.5707572947707362,3.343017000068669,0.029254648321604678,0.5614342521385084,1.4926041290459175,3.9627630750780733,0.03363116910711069,0.859486565976898,1.0416568215685815,1.9326190287277853,0.020410325475116155,0.3521980987046286,1.6108953112835385,3.463961547137037,0.04359770367739811,0.6082794845237913,2.0346589056450792,4.707533424031405,0.06421432541285871,1.3112681302376183,1400,4.1,4.1,0.021,0.097,0.24,0.0028,0.026,0.21,1.73,0.029,0.018,0.096
1041,KDE1041_PI,111.71183779731385,30.78693932210154,2.064597218749504,5.0650057071001475,0.022795710049808807,0.24176794934399956,1.442660696763412,2.928204855922094,0.03572126921907898,0.6009426495561837,1.5860929143548839,3.408680800802743,0.029245571229793977,0.5613151485176933,1.4997647365366245,4.026770217364184,0.033691341799867866,0.8599163393513495,1.043346420137662,1.942957144964464,0.020400146492012335,0.3520564799904375,1.6172980631414142,3.5291491763496774,0.04359731696450129,0.6081940512711568,2.029080886404114,4.755938446216416,0.06424795832145037,1.3112130839958671,1400,4.2,4.2,0.021,0.097,0.24,0.0028,0.026,0.21,1.73,0.029,0.018,0.096
1042,KDE1042_PI,113.61765547918881,31.342380110657082,2.099268428623582,5.149080550472006,0.022832595837826042,0.2416010158571154,1.4372160026696088,2.9388414304047195,0.035751632533045564,0.6010020823961559,1.601657901560782,3.4780876360554887,0.02923611231608267,0.561191900734524,1.5071942394940683,4.096612444954925,0.033749088486659674,0.8603436729741207,1.0453104475043187,1.9554251043659168,0.02038972349467108,0.35191379992555727,1.6252417054996595,3.5988001705004278,0.04359739149979913,0.6081063667626788,2.025065723836869,4.810570164587843,0.06428012480263488,1.3111612692011856,1400,4.3,4.3,0.021,0.097,0.24,0.0028,0.026,0.21,1.73,0.029,0.018,0.096
1043,KDE1043_PI,115.51666749685988,31.89684267229582,2.135831802935994,5.232067746745932,0.022861023080666596,0.2420281275132266,1.432427658635039,2.9527344617269558,0.035780286557186285,0.601061426614498,1.6183079113529715,3.5507762562599994,0.029226339286636066,0.5610646701034491,1.5154939028001708,4.171217738706128,0.03380454649298839,0.8607685486195048,1.0478034210910487,1.96975602582741,0.02037909266926753,0.351770108269338,1.634692726901181,3.67263389690398,0.04359791343986337,0.6080165515962365,2.0226070645161527,4.871184178300125,0.06431090950062887,1.3111124935580323,1400,4.4,4.4,0.021,0.097,0.24,0.0028,0.026,0.21,1.73,0.029,0.018,0.096
1044,KDE1044_PI,119.29483099978611,33.00291245605332,2.2127029953635713,5.409966171729984,0.022884137835774702,0.24223351511811883,1.4256942361418254,2.9907332340659316,0.03583513312068467,0.6011798259670873,1.65424812751392,3.709514164432231,0.029207689649506277,0.5607988795398812,1.5358321949259566,4.335397593295679,0.033909993035731854,0.8616108643336858,1.0549366203955812,2.0062812793463505,0.020359756120471844,0.3514798768204604,1.6579696806355533,3.831768763841066,0.043600241869165,0.6078309918555279,2.022321069808901,5.009336302992511,0.06436864721041577,1.311023350223367,1400,4.6,4.6,0.021,0.097,0.24,0.0028,0.026,0.21,1.73,0.029,0.018,0.096
1045,KDE1045_PI,121.17424529708154,33.554557273276316,2.2496066898532634,5.500401553989633,0.022926071700331833,0.24224558450918202,1.4232380302187753,3.014363845584305,0.03586108133202975,0.6012388668558644,1.6727096787787101,3.7952273290667926,0.029198971142700477,0.560660616909044,1.5468874011470068,4.423931198262937,0.03396074363450716,0.8620282784854159,1.0590888739162636,2.027983892808361,0.02035064170711562,0.35133342444326704,1.6717164153708157,3.916556134497804,0.043602018949028556,0.6077354690901178,2.024468170456759,5.086350752437917,0.06439574557239229,1.310982654827812,1400,4.7,4.7,0.021,0.097,0.24,0.0028,0.026,0.21,1.73,0.029,0.018,0.096
1046,KDE1046_PI,123.04738026630436,34.10529916885667,2.289607461304083,5.587396228395984,0.02295488787065006,0.2424143969503104,1.421479704540583,3.0402001997007306,0.03588960013757648,0.6012977912396684,1.6917996095722343,3.882599521691856,0.02919851645771417,0.5605189665129078,1.5584614542232824,4.514943098437071,0.03401682204429939,0.862443182741559,1.063850770268109,2.050817642477716,0.020345376973355176,0.3511861358309658,1.6868128355285286,4.004501263777139,0.043604184894093914,0.6076382597475425,2.0281206714415094,5.1683063380157535,0.06442175337907914,1.3109443419844098,1400,4.8,4.8,0.021,0.097,0.24,0.0028,0.026,0.21,1.73,0.029,0.018,0.096
1047,KDE1047_PI,124.91435343800116,34.65515508147648,2.3278871219957553,5.680650592568825,0.022990000765704954,0.24275407151197173,1.4201443900790869,3.0689266938326636,0.03591793229267192,0.6013565906411508,1.711321788616081,3.9721029952792377,0.029200829633689068,0.5603740657235963,1.5703325596883422,4.609012834583646,0.0340729558829591,0.862855568841886,1.0691324740227184,2.07529949189131,0.020341635343627925,0.3510380499935054,1.7032153417442506,4.095378853098185,0.04360672500438973,0.6075394662393503,2.0332594361976515,5.254942199502647,0.06444673296997708,1.310908272215391,1400,4.9,4.9,0.021,0.097,0.24,0.0028,0.026,0.21,1.73,0.029,0.018,0.096
1048,KDE1048_PI,123.15833812975418,26.15790158221706,2.2165677817516682,3.8466621892589665,0.03431772594190287,0.34335147479718586,1.4698715429249787,3.1174725841168245,0.0337801304941671,0.4938778424895053,1.7050997657167217,3.190238408927981,0.03204980990258471,0.578017738229338,1.6036926769258195,3.831639372121537,0.031300549884965785,0.7045923991506661,1.0755722510971626,2.0405396845671944,0.02207448535533973,0.34351025588986733,1.7026174168582584,3.3613609690735595,0.045557693534250564,0.6207378886025616,2.067201915302583,4.5917623418304085,0.06299437715748578,1.2162875331347045,1000,4.1,4.1,0.02,0.23,0.22,0.0044,0.028,0.084,3.97,0.11,0.0023,0.028
1049,KDE1049_PI,125.51192751795192,26.64841287573853,2.2623793838396993,3.924503338592412,0.03441135003669296,0.3432605134483299,1.464610440827678,3.1111920063452434,0.033776733337086876,0.49387236573812854,1.7270202336403544,3.237795371415921,0.03188778750891406,0.5778943512073038,1.6174227509816155,3.8790575253061417,0.03128036293689025,0.7047175587368939,1.0778586731561506,2.0421121988496522,0.021996934806862038,0.34350121480445694,1.7183779472405996,3.388952521462327,0.04549098170746947,0.6208292764243993,2.0711717633450357,4.609138451437999,0.06302210819494133,1.2162598610445274,1000,4.2,4.2,0.02,0.23,0.22,0.0044,0.028,0.084,3.97,0.11,0.0023,0.028
1050,KDE1050_PI,127.85939075792982,27.13850850398358,2.3074178718209137,4.0014495738873315,0.034513954580568336,0.3434281172084496,1.460103294071969,3.107973768823763,0.03377470748057952,0.49386459631367413,1.749417488239998,3.287150016538519,0.03173578522357507,0.5777595118804597,1.6319017061625776,3.930431346693143,0.03126217956152915,0.7048385885780295,1.0806093273722481,2.0447682408520884,0.021925290298121368,0.3434858683968562,1.7361461546918242,3.421241673466973,0.045427645502465794,0.6209118873047001,2.077421837233017,4.6328440871303975,0.06304965890358494,1.2162343697465376,1000,4.3,4.3,0.02,0.23,0.22,0.0044,0.028,0.084,3.97,0.11,0.0023,0.028
1051,KDE1051_PI,130.2008457312964,27.62820825764052,2.3542224418544038,4.077694658108866,0.03461749144761213,0.34335698670453085,1.4569821756943477,3.108012756344692,0.0337733618659151,0.49385441830134863,1.7731782538537613,3.3409696049614883,0.031587306042408836,0.5776136574537414,1.6478426219215192,3.987406605062292,0.031244115974694387,0.7049556120914028,1.0846068808029403,2.049496999419022,0.021855467596118724,0.34346429381773425,1.7558552292263865,3.4580747838152295,0.045367572440948946,0.6209860734680451,2.0859195065316145,4.662755791343244,0.06307707895041292,1.2162108938981513,1000,4.4,4.4,0.02,0.23,0.22,0.0044,0.028,0.084,3.97,0.11,0.0023,0.028
1052,KDE1052_PI,134.86617656092253,28.606494888776414,2.443116395039529,4.233265704940834,0.034840590207407346,0.3434806884697311,1.4521223658068203,3.1138754348648767,0.033772533316994376,0.493875043123756,1.822207588746306,3.455168414973349,0.031300759943155135,0.5774219876289832,1.681055494561919,4.109673610791831,0.031208608733706646,0.7052210332283118,1.093631671955841,2.062763768671738,0.02172121575671457,0.343527156576398,1.800815030733443,3.5447044261798197,0.04525677501591533,0.6211105122428594,2.109499070978779,4.740599792701915,0.06313169991952404,1.216169383814692,1000,4.6,4.6,0.02,0.23,0.22,0.0044,0.028,0.084,3.97,0.11,0.0023,0.028
1053,KDE1053_PI,137.19026356930684,29.095117206311908,2.4873662752014023,4.309428488977697,0.03490482722188095,0.3432949023482269,1.4509657055468077,3.119616423200296,0.033784958038005714,0.49389132193701274,1.8480206298820785,3.5166810307059904,0.031165083062872603,0.5773364032333179,1.6985842101982547,4.175766208770252,0.03120260255422178,0.7053565182627197,1.0994125876513066,2.0715778152299467,0.021658996624915695,0.3435737493710935,1.8259208411567938,3.5941476318944523,0.04520583581735601,0.6211614063247409,2.124488969789845,4.7881890281632,0.0631589755736565,1.216151072138104,1000,4.7,4.7,0.02,0.23,0.22,0.0044,0.028,0.084,3.97,0.11,0.0023,0.028
1054,KDE1054_PI,139.5087653466094,29.58341452714193,2.5325357381817946,4.385852458187292,0.034968818904168676,0.34333038237222496,1.4512024142790005,3.128253619484988,0.03379972160138345,0.4939098492874606,1.8757023078367927,3.5832688866388573,0.031040695933180568,0.5772450037352648,1.7175383882338733,4.246218613807728,0.0312004324994732,0.7054937118661263,1.1063359206260872,2.082756908174942,0.021602615082009034,0.3436172322133099,1.8526791790433648,3.6474331129314668,0.04515773062692342,0.621205157885975,2.1415434987241695,4.841303829284889,0.06318627094308811,1.216134220895397,1000,4.8,4.8,0.02,0.23,0.22,0.0044,0.028,0.084,3.97,0.11,0.0023,0.028
1055,KDE1055_PI,141.82177671281397,30.071402761072317,2.578377817324006,4.46243914722858,0.035088478938570034,0.3433983325166819,1.451746072747003,3.1416787583092076,0.03381772099526419,0.4939279949666073,1.90366528275767,3.6549679756958406,0.030930211733377736,0.5771454460442852,1.736783510836266,4.325570899263158,0.031203397441683572,0.705629495845391,1.113589172130645,2.0961430206589777,0.021553456914181025,0.3436558768424466,1.8810163849951236,3.7043759409743635,0.04511235859331796,0.6212420598131487,2.1606063332671477,4.899741039720375,0.06321361368588008,1.216118714652155,1000,4.9,4.9,0.02,0.23,0.22,0.0044,0.028,0.084,3.97,0.11,0.0023,0.028
1056,KDE1056_PI,42.34640094693156,11.29122149978569,0.8498728909410704,2.0741972328166405,0.019121426689531366,0.21129609736514976,2.284426071192438,4.934942782006304,0.034722569446479154,0.6437646140959292,2.1118649104926246,4.592205470405772,0.029529570100103625,0.5729543878595292,2.250461021724507,6.065883911866928,0.031418996709707374,0.912788004284555,1.486842170960865,3.0002246357049454,0.020724383834296676,0.3685298791304792,2.2848646971210194,4.534376886957379,0.04304742511729904,0.6237370421945869,3.038647123451094,6.6952656251469564,0.06252736781195865,1.3550654592333107,1600,1.0,1.0,0.021,0.097,0.24,0.0028,0.026,0.21,1.73,0.029,0.018,0.096
1057,KDE1057_PI,52.12497309835162,13.923214095812124,1.0062705653980994,2.467559815817528,0.019163709696645895,0.211653758121111,2.070943984631234,4.4157409414491084,0.035158243535499616,0.6435076276361176,1.820627434514966,3.9126187291782424,0.029386473927592163,0.5729823042751102,1.9732960079829178,5.227191740964938,0.03207428723448724,0.9140283762474712,1.3382229977015778,2.668485899182446,0.02065937937550795,0.3677199967254483,2.096839899742002,4.077537498893933,0.04321309640569177,0.6237519997575497,2.8124537661204183,6.108525614746448,0.06314236793426779,1.3536289958722059,1600,1.5,1.5,0.021,0.097,0.24,0.0028,0.026,0.21,1.73,0.029,0.018,0.096
1058,KDE1058_PI,61.55264770747804,16.50670792272251,1.1621483725294117,2.8496316019305925,0.01923278076582117,0.2113528392409636,1.895631211585273,3.9609931841152157,0.03551065573059284,0.6433707203536373,1.6331606194603872,3.40946064709679,0.029300737810560647,0.5727947245726625,1.7607355951345662,4.5583357720594275,0.032634754287820415,0.9154191437972449,1.2308695552926792,2.3939679786930435,0.020616538427557573,0.366816751759507,1.9393867660941122,3.688956242028658,0.04330768844080942,0.623628625860345,2.6164709010667417,5.59498903198828,0.06363926493710206,1.35251796892648,1600,2.0,2.0,0.021,0.097,0.24,0.0028,0.026,0.21,1.73,0.029,0.018,0.096
1059,KDE1059_PI,65.24015491514744,17.528431649719472,1.223678622609118,3.008997766986178,0.019255098314810204,0.21148237876986545,1.8371594515840544,3.8044672935059003,0.03562246755176489,0.6433355444502205,1.5861664160502664,3.2633081588199486,0.029250758961946198,0.5727637109789928,1.696291280800249,4.356082331645001,0.03281805366381106,0.915991219697333,1.1986806092049616,2.302839788412772,0.020592221601844794,0.3665924327692134,1.8846379450429656,3.556896999378441,0.043334145866241944,0.6235502596587724,2.5460161051530696,5.413428762434473,0.06380851782832056,1.3521487856545547,1600,2.2,2.2,0.021,0.097,0.24,0.0028,0.026,0.21,1.73,0.029,0.018,0.096
1060,KDE1060_PI,68.88476675415144,18.54413494186584,1.2876362729009125,3.165653950646253,0.019298733617557556,0.21119525806552122,1.783138869882894,3.6575334248014753,0.03573320115797432,0.6433087096397774,1.545355258440443,3.1348688150766897,0.029197133477089084,0.5727350219143135,1.6408248777930652,4.174985652635055,0.032994172886811675,0.9165694036233062,1.1688305483820194,2.2182166505821277,0.020566454457342544,0.366405417427771,1.8345657679005412,3.4402150717324815,0.043356530728948635,0.6234586097290256,2.479966178471038,5.247157557966674,0.06396282219473029,1.3518167045182756,1600,2.4,2.4,0.021,0.097,0.24,0.0028,0.026,0.21,1.73,0.029,0.018,0.096
1061,KDE1061_PI,72.48919296143018,19.554184768465888,1.3515434318329609,3.3184860349007903,0.019374003011291503,0.21079425887816106,1.7344143629469535,3.5243134490480097,0.03584217900746247,0.6432859590174138,1.5142690669686503,3.0317826536998056,0.02915424981174755,0.5726812442562492,1.5958289188767474,4.021857103587128,0.03316927031685343,0.9171506110895618,1.1425916099870899,2.1435635371455315,0.020543794964842287,0.36620946981026126,1.7891940617413014,3.340276240754042,0.043375979742596146,0.6233554714407937,2.418273750555968,5.097349729847744,0.06410344704094303,1.3515182398625305,1600,2.6,2.6,0.021,0.097,0.24,0.0028,0.026,0.21,1.73,0.029,0.018,0.096
1062,KDE1062_PI,76.0558457155431,20.558909247684696,1.4150922465114368,3.47497657437087,0.019424350781422003,0.2106359506541851,1.6920254325204718,3.4085343616077046,0.03594833132061602,0.6432677449708128,1.4967844881357981,2.9655309553344282,0.029132227237572073,0.5726046010722207,1.5628432447440024,3.90299282241351,0.033347637862732586,0.917734327801444,1.121609460978158,2.0838645537224645,0.020528053319070278,0.36600584326700036,1.748567769909893,3.2583773846541946,0.04339336262259853,0.6232423905696488,2.36091644428569,4.965186992809173,0.06423160155279249,1.351250202271924,1600,2.8,2.8,0.021,0.097,0.24,0.0028,0.026,0.21,1.73,0.029,0.018,0.096
1063,KDE1063_PI,79.58688626492723,21.558602711253496,1.4761185840344475,3.6264735482787613,0.019481008334255413,0.21057621732547394,1.6551163348445936,3.307963654761608,0.03604658342818035,0.6432543837464813,1.4875570370669995,2.9263367327586587,0.02912193726930491,0.5725070472990048,1.5398172295064014,3.8174278684372682,0.03351760971488989,0.918320026223055,1.1041677626647988,2.0336200764597625,0.020516723937763232,0.3657956174389091,1.7127453742525924,3.195665094275881,0.043409336353945796,0.6231206955160644,2.3078934854102084,4.8518141449854415,0.06434841632132815,1.3510096765275437,1600,3.0,3.0,0.021,0.097,0.24,0.0028,0.026,0.21,1.73,0.029,0.018,0.096
1064,KDE1064_PI,81.33966777639512,22.056646764751598,1.5071644002424984,3.704582381532162,0.019508743577927954,0.21058898559786512,1.637497904206026,3.2623569941590156,0.036091494473159236,0.643249735097451,1.4842772521064458,2.9155337648959905,0.029115068070472164,0.5724510227694422,1.5295627452431306,3.783857974314616,0.03359655325303581,0.9186135009267451,1.0961245988795347,2.0119924030093475,0.020510470402557476,0.3656884422663252,1.696655703723901,3.1717996012019305,0.043416953263380596,0.6230569813789387,2.283012166493074,4.802508954253403,0.06440290107806665,1.350898890677488,1600,3.1,3.1,0.021,0.097,0.24,0.0028,0.026,0.21,1.73,0.029,0.018,0.096
1065,KDE1065_PI,83.08426099428306,22.553530572053916,1.538693616557895,3.7821352789086418,0.01953783279019672,0.2103826601235397,1.6203452797283604,3.219740687701309,0.03613395991596104,0.6432463250199512,1.481917429169108,2.913254818647689,0.02910764969826289,0.5723903905336056,1.51983689239198,3.755067142298361,0.0336718992553667,0.9189072596996721,1.0885573477085477,1.9948331543865196,0.02050437434270341,0.36557992057959376,1.6817911181284357,3.1530484926741633,0.043424390546667344,0.622991529678718,2.2592220836895507,4.758287282362085,0.06445493553451266,1.35079400559341,1600,3.2,3.2,0.021,0.097,0.24,0.0028,0.026,0.21,1.73,0.029,0.018,0.096
1066,KDE1066_PI,84.82088039123153,23.049283412592565,1.5699797153705293,3.859170325575086,0.019585321053686558,0.2104819157357527,1.603672464803959,3.179180284590416,0.03617402374489575,0.6432441532179429,1.4802097561349066,2.914059711842675,0.02909936111784184,0.5723253340298085,1.510807167342841,3.730148985966353,0.03374375960004333,0.9192012346383575,1.0813439186788312,1.979004274182712,0.02049812983091133,0.3654701391620504,1.6681592574365105,3.1394750231477997,0.04343168935122173,0.622924459581487,2.2365275556027333,4.719258043866002,0.06450463652667134,1.3506947271668355,1600,3.3,3.3,0.021,0.097,0.24,0.0028,0.026,0.21,1.73,0.029,0.018,0.096
1067,KDE1067_PI,86.54973025181923,23.543933219732217,1.6017309175221672,3.9335150878810268,0.019579120835782306,0.21053388564909814,1.5876897337296871,3.1423585004617633,0.036211887579255544,0.6432432138166931,1.4795400396124445,2.9194875392739084,0.02909030658465342,0.5722560267034266,1.5030045264255625,3.7116597249561654,0.03381242494538545,0.9194953585988503,1.0745511914226284,1.9650854257012702,0.020491527731750968,0.36535917742766877,1.6557671465488626,3.1311185291241794,0.04343888461158257,0.6228558819272025,2.214933525575752,4.685517498177746,0.06455211553226417,1.3506007751248261,1600,3.4,3.4,0.021,0.097,0.24,0.0028,0.026,0.21,1.73,0.029,0.018,0.096
1068,KDE1068_PI,88.27100535457964,24.037506652433546,1.6324301877655976,4.009620704720568,0.019597091855292507,0.21072756483138383,1.572613012794755,3.107003648028155,0.0362473723319681,0.6432434960671018,1.4803266260242622,2.9271552677948804,0.02908039102885668,0.5721826329072041,1.4963718813229365,3.695433159198346,0.03387788162009817,0.9197895654107744,1.068524684860273,1.9522724661855624,0.0204843718892271,0.36524710811290306,1.6446209622720216,3.127993253973834,0.043446005825509,0.6227858999676819,2.194445421716218,4.657147609898614,0.06459747888705811,1.3505118824632574,1600,3.5,3.5,0.021,0.097,0.24,0.0028,0.026,0.21,1.73,0.029,0.018,0.096
1069,KDE1069_PI,89.98489152232456,24.530029181839417,1.6626648159270938,4.086065457105802,0.01960369621765722,0.2107949179697919,1.558700889739588,3.0738466686326786,0.03628060877641281,0.6432449856931498,1.4830488498731258,2.93875788845045,0.029069725337883826,0.5721053087153067,1.491429672815801,3.6836411453721403,0.0339403101467396,0.9200837904299457,1.0634365365553688,1.9409914332301255,0.02047672000960456,0.3651339982590964,1.6347258127633681,3.1300877713173687,0.04345307774983688,0.622714610346537,2.175069018879983,4.634214560214848,0.06464082778131659,1.3504277952943138,1600,3.6,3.6,0.021,0.097,0.24,0.0028,0.026,0.21,1.73,0.029,0.018,0.096
1070,KDE1070_PI,91.69156617113144,25.021525182876324,1.6913572486275288,4.168812092182385,0.019606965348228683,0.21071143235521375,1.545256946912705,3.0452073967770685,0.03631225160221117,0.6432476647736219,1.4862481195240367,2.957096450901688,0.02905895131644467,0.5720242026269046,1.4869878599922652,3.6819259807401163,0.03400086434858784,0.9203779705392026,1.0586415987858848,1.9321096134696456,0.0204688508597648,0.36501990963518843,1.6260855299558934,3.137365032223773,0.04346012103880324,0.6226421035404569,2.1568102974941588,4.6167674413155115,0.06468225865680034,1.3503482720421591,1600,3.7,3.7,0.021,0.097,0.24,0.0028,0.026,0.21,1.73,0.029,0.018,0.096
1071,KDE1071_PI,93.39119894237352,25.512017905930403,1.7211684203341158,4.246529434434618,0.01964402903579908,0.21076122706459907,1.53279979391426,3.0209695308576627,0.03634414683394694,0.6432515131043475,1.4908134414264862,2.980472006394924,0.029055379623308602,0.5719394562420294,1.4837922539919381,3.688397008074198,0.03406314779619828,0.9206720444387071,1.0545708198041341,1.9255196937210468,0.020463510309756835,0.3649048992946063,1.6187024797228133,3.149763057310439,0.04346715277682394,0.6225684644420626,2.1396753015207195,4.604837240941499,0.06472186330719329,1.3502730833102325,1600,3.8,3.8,0.021,0.097,0.24,0.0028,0.026,0.21,1.73,0.029,0.018,0.096
1072,KDE1072_PI,95.08395171569454,26.001529624105327,1.7522012255922053,4.323840475682539,0.019659748063897885,0.21081189138025422,1.5207213568699702,2.999524254424865,0.03637448302938635,0.6432565074823771,1.4957885356416054,3.0067866121334283,0.029053893525367448,0.5718512047554141,1.4810538050556592,3.700211321859871,0.03412361301908281,0.9209659523870618,1.0507393861519816,1.9201528265131464,0.020458759642518014,0.36478901990948925,1.6125773918075745,3.167196214126656,0.043474186975294676,0.6224937727459842,2.1236699942084702,4.59843606323409,0.06475972916699779,1.3502020108080643,1600,3.9,3.9,0.021,0.097,0.24,0.0028,0.026,0.21,1.73,0.029,0.018,0.096
1073,KDE1073_PI,96.76997931325631,26.49008165673069,1.7834037557313993,4.403295556029715,0.01964963694687349,0.21081412646622694,1.5091166721747475,2.9819938936015484,0.036406691096537006,0.6432626237414388,1.5011342368082086,3.0376334975636414,0.029062284011025254,0.5717595775681873,1.4788481128119664,3.719465648516126,0.0341889357180718,0.9212596369674825,1.0472888542409806,1.916578545887087,0.020457682128833737,0.36467232057117527,1.6077092122906151,3.189557035321084,0.043481234975561,0.6224181037522958,2.1088001158249465,4.597556753640744,0.0647959393192402,1.3501348477321842,1600,4.0,4.0,0.021,0.097,0.24,0.0028,0.026,0.21,1.73,0.029,0.018,0.096
1074,KDE1074_PI,98.44942986786144,26.97769444645998,1.8143269035220995,4.4835211838075315,0.019673797066076054,0.21077679055298618,1.4984933826375353,2.966537962451417,0.03643926005138735,0.6432698354644466,1.5077652234455448,3.070029595934846,0.029080157582677915,0.5716646986358087,1.47774591631094,3.7423496744138376,0.03425665696980629,0.9215530424054668,1.0447666496530539,1.913704920347898,0.020459759035473764,0.36455484661252463,1.6040949826539355,3.216718456089514,0.04348830584838136,0.6223415282604988,2.0950710445964877,4.602172788889787,0.06483057283962122,1.3500713973762901,1600,4.1,4.1,0.021,0.097,0.24,0.0028,0.026,0.21,1.73,0.029,0.018,0.096
1075,KDE1075_PI,100.12244510098337,27.464387590219005,1.844438222964973,4.570916890696676,0.01968519507330914,0.21072426189614957,1.4891198077304737,2.9539235649655633,0.0364706267540882,0.6432781151868401,1.5161832160961113,3.105477173016364,0.02909857527650801,0.5715666869278446,1.4780973334269585,3.7693656747500124,0.03432228800808907,0.9218461150322194,1.043254580630981,1.9124101401780447,0.020462842919343582,0.36443664034037687,1.6017297457270414,3.2485363833782994,0.04349540671498643,0.6222641132565085,2.08248766063909,4.612238570901296,0.06486370496793523,1.3500114731553234,1600,4.2,4.2,0.021,0.097,0.24,0.0028,0.026,0.21,1.73,0.029,0.018,0.096
1076,KDE1076_PI,101.7891607517245,27.950179897244702,1.8773752501935177,4.648155967555313,0.01970789784123977,0.2106897302552721,1.4802289619486821,2.9434163552109234,0.03650023312731856,0.6432874340906026,1.5252791792046192,3.14415847951308,0.029115930848585186,0.5714656568075271,1.4789838436157838,3.8000403268423715,0.03438542453573232,0.922138803035081,1.0421635338488733,1.9126602281274354,0.020465385488637005,0.36431774110791965,1.6006064799231963,3.2848524621487014,0.04350254303547208,0.622185922091495,2.071054210358776,4.627690020782904,0.06489540729142865,1.349954897828695,1600,4.3,4.3,0.021,0.097,0.24,0.0028,0.026,0.21,1.73,0.029,0.018,0.096
1077,KDE1077_PI,103.44970685017056,28.43508941874512,1.908630035420342,4.7174305334042765,0.01971649086551573,0.21056321756581012,1.4721125702001259,2.935689731744392,0.03652816504455513,0.6432977628451015,1.5350036759012629,3.186741463956183,0.029132304847981964,0.5713617183619935,1.4808377531587962,3.8352426435195066,0.03444618896092829,0.9224310567856576,1.0414434731969842,1.9148288737547468,0.020467426137863853,0.36419818578095564,1.6007160639917148,3.3254969295333723,0.043509718852107825,0.6221070149876388,2.06077418210624,4.648445539608689,0.0649257479159592,1.3499015034149255,1600,4.4,4.4,0.021,0.097,0.24,0.0028,0.026,0.21,1.73,0.029,0.018,0.096
1078,KDE1078_PI,105.10420801125129,28.91913350460495,1.938172483298865,4.794258711453376,0.019734386428235842,0.21062927201612253,1.4647378648935339,2.931472061137169,0.036554503377211556,0.6433090710515865,1.5452120320495124,3.2334467624135512,0.029147771415222096,0.571254977651149,1.483722145651655,3.876359025752887,0.03450469656447421,0.9227228284121187,1.0410419319292952,1.9187419572011541,0.02046900123684643,0.3640780086934595,1.6020472707205788,3.3702914362200547,0.04351693701463114,0.6220274490041799,2.0516501854391676,4.674407187740713,0.06495479163368545,1.349851130287251,1600,4.5,4.5,0.021,0.097,0.24,0.0028,0.026,0.21,1.73,0.029,0.018,0.096
1079,KDE1079_PI,106.75278366847765,29.402328831665663,1.9695399082068585,4.873232042910616,0.019766047103930665,0.21067410761746352,1.458078482042311,2.931429281809662,0.03657932434678326,0.643321328169248,1.5562760993897908,3.284699792468268,0.029162398820765465,0.5711455370183836,1.4874895344135541,3.924085526921755,0.034561055970325036,0.9230140721914677,1.041289734843661,1.924710247457887,0.02047014437920386,0.3639572422337083,1.6045867906230606,3.419051765183534,0.04352419937687064,0.6219472786257563,2.043683843895859,4.7054621396874525,0.06498260013078355,1.3498036271771472,1600,4.6,4.6,0.021,0.097,0.24,0.0028,0.026,0.21,1.73,0.029,0.018,0.096
1080,KDE1080_PI,108.39554841147493,29.88469142572229,1.9990707902371958,4.9548616456049945,0.019779937826470965,0.2107318019672087,1.4524069305618748,2.933563367859776,0.036602926075644984,0.6433345033035622,1.5686199824657614,3.3389931570622506,0.029176300236649,0.5710334953230375,1.4925362087713478,3.975133209590532,0.03461549417525243,0.9233047443125559,1.0422814996764078,1.9321452427248174,0.020470957186311988,0.3638359166817854,1.6083192821525525,3.471590355637607,0.04353150695359836,0.6218665556509069,2.0368756924044336,4.741484286559757,0.06500923208735322,1.3497588505769216,1600,4.7,4.7,0.021,0.097,0.24,0.0028,0.026,0.21,1.73,0.029,0.018,0.096
1081,KDE1081_PI,110.03261222947502,30.366236696670995,2.031430251342658,5.032052282258105,0.01977961658820732,0.21083532718172499,1.4470801557234003,2.938651693030238,0.03662542884251822,0.6433485655438202,1.5816194415120088,3.395695175028157,0.029189545291418574,0.5709189481369044,1.4979902390445046,4.030083332870742,0.03466813667943746,0.9235948029546759,1.0436552516887019,1.9409532944863253,0.02047148472477985,0.36371406075524065,1.6132274486255862,3.5277185854545765,0.04353886005931717,0.6217853296900371,2.0312250887799173,4.782335992528685,0.06503474334436138,1.3497166644190952,1600,4.8,4.8,0.021,0.097,0.24,0.0028,0.026,0.21,1.73,0.029,0.018,0.096
1082,KDE1082_PI,111.66408065861103,30.846979491074617,2.0643140169079954,5.102927248796242,0.019801548750916765,0.21079405096244858,1.4420892446449425,2.9470148723481735,0.036646640552376576,0.6433634836472444,1.5948138048859912,3.4554368934778417,0.02920213052649568,0.5708019879287253,1.503973765202675,4.0896686004906,0.034718933629090794,0.9238842081163762,1.0452173567155691,1.9514574518664165,0.02047167365511643,0.36359170139120445,1.6192921385972812,3.5872487771862147,0.043546258445846406,0.6217036480908614,2.026730142339817,4.827869892824185,0.06505918705615404,1.349676939556924,1600,4.9,4.9,0.021,0.097,0.24,0.0028,0.026,0.21,1.73,0.029,0.018,0.096
1083,KDE1083_PI,113.29005514821527,31.326934097912936,2.0957926323545344,5.173054128370253,0.019834309954995154,0.21105061274639703,1.4375982427153766,2.9577590476107,0.03666661952575539,0.6433792267908794,1.608522669280338,3.5172015622449364,0.029214104766768837,0.570682704256784,1.5106118308950756,4.152634579926245,0.03476796993039795,0.9241729217148199,1.0470644916322156,1.9630812771307227,0.02047154786996086,0.3634688641595671,1.6264924659393962,3.6499959215362208,0.04355370140015078,0.6216215562319322,2.023387648761092,4.877930741881016,0.06508261384695382,1.3496395536270138,1600,5.0,5.0,0.021,0.097,0.24,0.0028,0.026,0.21,1.73,0.029,0.018,0.096
